"id","name","email","gender","status"
2677,"Ms. Anilaabh Dwivedi","ms_anilaabh_dwivedi@tillman-herman.biz","male","inactive"
2676,"Rakesh Johar","johar_rakesh@hessel-turner.biz","female","inactive"
2675,"Mangala Ahluwalia","ahluwalia_mangala@hickle.name","male","active"
2674,"Dr. Kannan Agarwal","kannan_agarwal_dr@bayer-daniel.io","male","active"
2673,"Triloki Nath Deshpande Ret.","triloki_deshpande_ret_nath@mraz.co","female","active"
2671,"Kama Bharadwaj","kama_bharadwaj@pouros.org","male","active"
2669,"Prof. Anila Chattopadhyay","anila_chattopadhyay_prof@wilderman-mcdermott.name","female","active"
2668,"Laxman Asan","laxman_asan@haag.io","male","inactive"
2665,"Ritesh Khan","ritesh_khan@shields.name","male","inactive"
2664,"Vaishno Desai","desai_vaishno@rosenbaum.io","male","active"
2663,"Gov. Bakula Dutta","dutta_bakula_gov@carroll.info","female","active"
2662,"Shashi Mishra","shashi_mishra@grimes.org","female","inactive"
2661,"Shiv Chattopadhyay","shiv_chattopadhyay@kautzer.net","female","active"
2660,"Devadatt Johar","devadatt_johar@dach-ledner.name","female","active"
2659,"Tej Arora","arora_tej@kessler.name","male","active"
2658,"Chandi Naik II","chandi_ii_naik@bauch-stamm.biz","female","active"
2657,"Rageshwari Mukhopadhyay DVM","rageshwari_dvm_mukhopadhyay@ledner-erdman.co","male","inactive"
2656,"Prof. Vijay Varma","varma_vijay_prof@von.io","female","inactive"
2655,"Fr. Radha Talwar","fr_radha_talwar@mueller.com","female","active"
2654,"Lakshminath Ahluwalia","ahluwalia_lakshminath@bergnaum.co","male","inactive"